entity,month,Asset,COGS,Expense,Revenue,gross_profit,operating_profit,gross_margin_pct,operating_margin_pct
TLM,2025-12,4771.96,-15648.55,-38682.57,48129.36,32480.81,-6201.76,67.48647810816516,-12.885606623483048
UPE,2025-12,12717.67,-17281.12,-31250.48,30050.52,12769.4,-18481.08,42.49310827233605,-61.50003394284026
